{"cameraMode":{"drawMode":0,"name":"Shaded","section":"Shading Mode"},"sceneLighting":true,"audioPlay":false,"sceneViewState":{"showFog":true,"showMaterialUpdate":true,"showSkybox":true,"showFlares":true,"showImageEffects":true,"showParticleSystems":true},"in2DMode":false,"pivot":{"x":-2.9430339336395265,"y":23.06255531311035,"z":-2.3657350540161135},"rotation":{"x":-0.024392839521169664,"y":-0.013588783331215382,"z":0.0003296279173810035,"w":-0.9996147751808167},"size":14.6272611618042,"orthographic":false}