{"cameraMode":{"drawMode":0,"name":"Shaded","section":"Shading Mode"},"sceneLighting":true,"audioPlay":false,"sceneViewState":{"showFog":true,"showMaterialUpdate":true,"showSkybox":true,"showFlares":true,"showImageEffects":true,"showParticleSystems":true},"in2DMode":false,"pivot":{"x":-4.081166744232178,"y":22.7121524810791,"z":-2.400496482849121},"rotation":{"x":-0.03637784346938133,"y":0.02538752742111683,"z":-0.0009263954707421362,"w":-0.9990187287330627},"size":14.6272611618042,"orthographic":false}