{"cameraMode":{"drawMode":0,"name":"Shaded","section":"Shading Mode"},"sceneLighting":true,"audioPlay":false,"sceneViewState":{"showFog":true,"showMaterialUpdate":true,"showSkybox":true,"showFlares":true,"showImageEffects":true,"showParticleSystems":true},"in2DMode":false,"pivot":{"x":-9.543435096740723,"y":14.404356002807618,"z":229.95286560058595},"rotation":{"x":0.017311278730630876,"y":-0.019687136635184289,"z":0.0001127337891375646,"w":0.999800443649292},"size":258.1935119628906,"orthographic":false}