{"cameraMode":{"drawMode":0,"name":"Shaded","section":"Shading Mode"},"sceneLighting":true,"audioPlay":false,"sceneViewState":{"showFog":true,"showMaterialUpdate":true,"showSkybox":true,"showFlares":true,"showImageEffects":true,"showParticleSystems":true},"in2DMode":false,"pivot":{"x":426.3789978027344,"y":6.45806884765625,"z":300.9192199707031},"rotation":{"x":-0.15166237950325013,"y":-0.7645398378372192,"z":0.19472821056842805,"w":-0.5954525470733643},"size":1016.2481689453125,"orthographic":false}